{
  "37": {
    "name_en": "Amnat Charoen",
    "centroid_lat": 15.90739,
    "centroid_lon": 104.74225,
    "bbox_minlat": 15.56393,
    "bbox_minlon": 104.41923,
    "bbox_maxlat": 16.27913,
    "bbox_maxlon": 105.06026,
    "area_km2": 3126.6
  },
  "15": {
    "name_en": "Ang Thong",
    "centroid_lat": 14.61528,
    "centroid_lon": 100.35017,
    "bbox_minlat": 14.4595,
    "bbox_minlon": 100.19173,
    "bbox_maxlat": 14.79505,
    "bbox_maxlon": 100.50341,
    "area_km2": 946.6
  },
  "10": {
    "name_en": "Bangkok",
    "centroid_lat": 13.76629,
    "centroid_lon": 100.62907,
    "bbox_minlat": 13.49339,
    "bbox_minlon": 100.32791,
    "bbox_maxlat": 13.9512,
    "bbox_maxlon": 100.93852,
    "area_km2": 1716.5
  },
  "38": {
    "name_en": "Bueng Kan",
    "centroid_lat": 18.14875,
    "centroid_lon": 103.72741,
    "bbox_minlat": 17.8108,
    "bbox_minlon": 103.24391,
    "bbox_maxlat": 18.44798,
    "bbox_maxlon": 104.18998,
    "area_km2": 3968.5
  },
  "31": {
    "name_en": "Buri Ram",
    "centroid_lat": 14.81078,
    "centroid_lon": 102.95101,
    "bbox_minlat": 14.13004,
    "bbox_minlon": 102.43453,
    "bbox_maxlat": 15.79583,
    "bbox_maxlon": 103.44263,
    "area_km2": 9926.6
  },
  "24": {
    "name_en": "Chachoengsao",
    "centroid_lat": 13.60756,
    "centroid_lon": 101.43324,
    "bbox_minlat": 13.18221,
    "bbox_minlon": 100.84839,
    "bbox_maxlat": 13.96989,
    "bbox_maxlon": 101.9889,
    "area_km2": 5206.2
  },
  "18": {
    "name_en": "Chai Nat",
    "centroid_lat": 15.13292,
    "centroid_lon": 100.03932,
    "bbox_minlat": 14.90697,
    "bbox_minlon": 99.72377,
    "bbox_maxlat": 15.41736,
    "bbox_maxlon": 100.35152,
    "area_km2": 2447.6
  },
  "36": {
    "name_en": "Chaiyaphum",
    "centroid_lat": 16.03175,
    "centroid_lon": 101.82083,
    "bbox_minlat": 15.3314,
    "bbox_minlon": 101.33632,
    "bbox_maxlat": 16.72759,
    "bbox_maxlon": 102.45887,
    "area_km2": 12561.3
  },
  "22": {
    "name_en": "Chanthaburi",
    "centroid_lat": 12.88478,
    "centroid_lon": 102.13092,
    "bbox_minlat": 12.29292,
    "bbox_minlon": 101.69577,
    "bbox_maxlat": 13.33609,
    "bbox_maxlon": 102.50762,
    "area_km2": 6593.6
  },
  "50": {
    "name_en": "Chiang Mai",
    "centroid_lat": 18.79808,
    "centroid_lon": 98.72897,
    "bbox_minlat": 17.24231,
    "bbox_minlon": 98.01094,
    "bbox_maxlat": 20.14743,
    "bbox_maxlon": 99.57287,
    "area_km2": 22438.2
  },
  "57": {
    "name_en": "Chiang Rai",
    "centroid_lat": 19.84549,
    "centroid_lon": 99.86937,
    "bbox_minlat": 19.00015,
    "bbox_minlon": 99.26472,
    "bbox_maxlat": 20.44617,
    "bbox_maxlon": 100.57817,
    "area_km2": 11579.3
  },
  "20": {
    "name_en": "Chon Buri",
    "centroid_lat": 13.20649,
    "centroid_lon": 101.20533,
    "bbox_minlat": 12.64836,
    "bbox_minlon": 100.85269,
    "bbox_maxlat": 13.58429,
    "bbox_maxlon": 101.71714,
    "area_km2": 4459.6
  },
  "86": {
    "name_en": "Chumphon",
    "centroid_lat": 10.34867,
    "centroid_lon": 99.06539,
    "bbox_minlat": 9.60088,
    "bbox_minlon": 98.63033,
    "bbox_maxlat": 11.03371,
    "bbox_maxlon": 99.50256,
    "area_km2": 6002.2
  },
  "46": {
    "name_en": "Kalasin",
    "centroid_lat": 16.62506,
    "centroid_lon": 103.61341,
    "bbox_minlat": 16.19264,
    "bbox_minlon": 103.09812,
    "bbox_maxlat": 17.05891,
    "bbox_maxlon": 104.23786,
    "area_km2": 6663.5
  },
  "62": {
    "name_en": "Kamphaeng Phet",
    "centroid_lat": 16.32709,
    "centroid_lon": 99.53347,
    "bbox_minlat": 15.85754,
    "bbox_minlon": 99.01981,
    "bbox_maxlat": 16.87586,
    "bbox_maxlon": 100.02485,
    "area_km2": 8251.3
  },
  "71": {
    "name_en": "Kanchanaburi",
    "centroid_lat": 14.59315,
    "centroid_lon": 99.04275,
    "bbox_minlat": 13.72585,
    "bbox_minlon": 98.18118,
    "bbox_maxlat": 15.65248,
    "bbox_maxlon": 99.87586,
    "area_km2": 19350.0
  },
  "40": {
    "name_en": "Khon Kaen",
    "centroid_lat": 16.40759,
    "centroid_lon": 102.57439,
    "bbox_minlat": 15.63359,
    "bbox_minlon": 101.75082,
    "bbox_maxlat": 16.99375,
    "bbox_maxlon": 103.17507,
    "area_km2": 10601.6
  },
  "81": {
    "name_en": "Krabi",
    "centroid_lat": 8.18597,
    "centroid_lon": 99.01144,
    "bbox_minlat": 7.65736,
    "bbox_minlon": 98.63543,
    "bbox_maxlat": 8.68134,
    "bbox_maxlon": 99.38485,
    "area_km2": 4352.6
  },
  "52": {
    "name_en": "Lampang",
    "centroid_lat": 18.32558,
    "centroid_lon": 99.51055,
    "bbox_minlat": 17.22907,
    "bbox_minlon": 98.88087,
    "bbox_maxlat": 19.41766,
    "bbox_maxlon": 100.11402,
    "area_km2": 12672.6
  },
  "51": {
    "name_en": "Lamphun",
    "centroid_lat": 18.11186,
    "centroid_lon": 98.95305,
    "bbox_minlat": 17.42589,
    "bbox_minlon": 98.67129,
    "bbox_maxlat": 18.70831,
    "bbox_maxlon": 99.31734,
    "area_km2": 4383.0
  },
  "42": {
    "name_en": "Loei",
    "centroid_lat": 17.4074,
    "centroid_lon": 101.63113,
    "bbox_minlat": 16.75988,
    "bbox_minlon": 100.83382,
    "bbox_maxlat": 18.21351,
    "bbox_maxlon": 102.15172,
    "area_km2": 10619.5
  },
  "16": {
    "name_en": "Lop Buri",
    "centroid_lat": 15.10653,
    "centroid_lon": 100.90261,
    "bbox_minlat": 14.65505,
    "bbox_minlon": 100.42749,
    "bbox_maxlat": 15.75302,
    "bbox_maxlon": 101.40356,
    "area_km2": 6521.0
  },
  "58": {
    "name_en": "Mae Hong Son",
    "centroid_lat": 18.81955,
    "centroid_lon": 98.03088,
    "bbox_minlat": 17.63718,
    "bbox_minlon": 97.36224,
    "bbox_maxlat": 19.80344,
    "bbox_maxlon": 98.64047,
    "area_km2": 12455.5
  },
  "44": {
    "name_en": "Maha Sarakham",
    "centroid_lat": 15.99083,
    "centroid_lon": 103.16696,
    "bbox_minlat": 15.40896,
    "bbox_minlon": 102.84786,
    "bbox_maxlat": 16.6436,
    "bbox_maxlon": 103.50228,
    "area_km2": 5855.9
  },
  "49": {
    "name_en": "Mukdahan",
    "centroid_lat": 16.56794,
    "centroid_lon": 104.51029,
    "bbox_minlat": 16.19644,
    "bbox_minlon": 104.07011,
    "bbox_maxlat": 16.90693,
    "bbox_maxlon": 104.97872,
    "area_km2": 4185.9
  },
  "26": {
    "name_en": "Nakhon Nayok",
    "centroid_lat": 14.21268,
    "centroid_lon": 101.17711,
    "bbox_minlat": 13.96128,
    "bbox_minlon": 100.91422,
    "bbox_maxlat": 14.51248,
    "bbox_maxlon": 101.50178,
    "area_km2": 2177.2
  },
  "73": {
    "name_en": "Nakhon Pathom",
    "centroid_lat": 13.92547,
    "centroid_lon": 100.09635,
    "bbox_minlat": 13.66029,
    "bbox_minlon": 99.8141,
    "bbox_maxlat": 14.17921,
    "bbox_maxlon": 100.33033,
    "area_km2": 2204.4
  },
  "48": {
    "name_en": "Nakhon Phanom",
    "centroid_lat": 17.38826,
    "centroid_lon": 104.43213,
    "bbox_minlat": 16.80471,
    "bbox_minlon": 103.99638,
    "bbox_maxlat": 18.02374,
    "bbox_maxlon": 104.80226,
    "area_km2": 5375.8
  },
  "30": {
    "name_en": "Nakhon Ratchasima",
    "centroid_lat": 14.9568,
    "centroid_lon": 102.11116,
    "bbox_minlat": 14.12023,
    "bbox_minlon": 101.19895,
    "bbox_maxlat": 15.80341,
    "bbox_maxlon": 102.97834,
    "area_km2": 20748.6
  },
  "60": {
    "name_en": "Nakhon Sawan",
    "centroid_lat": 15.68723,
    "centroid_lon": 100.14812,
    "bbox_minlat": 15.06109,
    "bbox_minlon": 99.08612,
    "bbox_maxlat": 16.19118,
    "bbox_maxlon": 100.83097,
    "area_km2": 9662.9
  },
  "80": {
    "name_en": "Nakhon Si Thammarat",
    "centroid_lat": 8.37768,
    "centroid_lon": 99.78429,
    "bbox_minlat": 7.83806,
    "bbox_minlon": 99.2345,
    "bbox_maxlat": 9.3228,
    "bbox_maxlon": 100.33657,
    "area_km2": 9816.6
  },
  "55": {
    "name_en": "Nan",
    "centroid_lat": 18.84795,
    "centroid_lon": 100.83536,
    "bbox_minlat": 18.0217,
    "bbox_minlon": 100.34038,
    "bbox_maxlat": 19.63494,
    "bbox_maxlon": 101.35815,
    "area_km2": 11945.3
  },
  "96": {
    "name_en": "Narathiwat",
    "centroid_lat": 6.17027,
    "centroid_lon": 101.71844,
    "bbox_minlat": 5.733,
    "bbox_minlon": 101.37137,